date,ticker,weight
2020-01-01,Gold,0.12294775552964461
2020-01-02,Equity,0.12015559886462668
2020-01-02,Oil,0.2001137709285666
2020-01-02,Gold,0.20005371678591094
2020-01-02,Bond,0.10001500725183814
2020-01-03,Equity,0.12010876921947004
2020-01-03,Gold,0.16390968759239333
2020-01-03,Bond,0.10000005299228984
2020-01-04,Gold,0.08196018767060814
2020-01-04,Bond,0.10000010521127067
2020-01-05,Gold,0.200035728690409
2020-01-05,Bond,0.10000002224274551
2020-01-06,Equity,0.06362713638601047
2020-01-06,Gold,0.1713340053114161
2020-01-06,Bond,0.20003021012878008
2020-01-07,Gold,0.13387150747224977
2020-01-09,Gold,0.20006003801740904
2020-01-10,Gold,0.20006047781373698
2020-01-10,Bond,0.20006003801740907
2020-01-13,Oil,0.20015012658412965
2020-01-13,Gold,0.20009006153114178
2020-01-13,Bond,0.10001500725183815
2020-01-14,Oil,0.07004008286775572
2020-01-14,Gold,0.0479218287126699
2020-01-14,Bond,0.10000014344099604
2020-01-15,Oil,0.20011554314887373
2020-01-15,Gold,0.20007615713812624
2020-01-16,Bond,0.10001500725183814
2020-01-17,Equity,0.20018024486849792
2020-01-17,Oil,0.20012017077701288
2020-01-17,Gold,0.20006011471376275
2020-01-17,Bond,0.10000003833666858
2020-01-18,Oil,0.2000008600617556
2020-01-18,Gold,0.20000049942355172
2020-01-18,Bond,0.10000016752735756
2020-01-19,Oil,0.20006143576586877
2020-01-19,Bond,0.10000013200268543
2020-01-20,Equity,0.2001209729539323
2020-01-20,Oil,0.2000609166499488
2020-01-20,Gold,0.20006025265635857
2020-01-20,Bond,0.10000010728726819
2020-01-21,Equity,0.1992709660055815
2020-01-21,Oil,0.2032207222047851
2020-01-21,Gold,0.19731266821493662
2020-01-21,Bond,0.1001336949633591
2020-01-22,Equity,0.20000128062524955
2020-01-22,Oil,0.20000095958787256
2020-01-22,Gold,0.2000002441662823
2020-01-22,Bond,0.09999613650596229
2020-01-23,Equity,0.20352662853796305
2020-01-23,Oil,0.19856349935151338
2020-01-23,Gold,0.19931273079798859
2020-01-23,Bond,0.10095301373400593
2020-01-24,Equity,0.2000327230137536
2020-01-24,Oil,0.20003117169340354
2020-01-24,Gold,0.1999565598761674
2020-01-24,Bond,0.2000301186311571
2020-01-25,Equity,0.20137568405169196
2020-01-25,Oil,0.19776871506939556
2020-01-25,Gold,0.19857861769994192
2020-01-25,Bond,0.2035099751042785
2020-01-26,Equity,0.19934274597227436
2020-01-26,Oil,0.19733479437268853
2020-01-26,Gold,0.19996896657018187
2020-01-26,Bond,0.20524246784407585
2020-01-27,Equity,0.19984450463792713
2020-01-27,Oil,0.19552472538740276
2020-01-27,Gold,0.20101961699316684
2020-01-27,Bond,0.20504493491945025
2020-01-28,Equity,0.20124600686470182
2020-01-28,Oil,0.19522359703395886
2020-01-28,Gold,0.2012525024339872
2020-01-28,Bond,0.20476095112519693
2020-01-29,Equity,0.19950835298333677
2020-01-29,Oil,0.19544355570755884
2020-01-29,Gold,0.2012941237349885
2020-01-29,Bond,0.2048232085456004
2020-01-30,Equity,0.19988317392964156
2020-01-30,Oil,0.19569665687389406
2020-01-30,Gold,0.19830469257454295
2020-01-30,Bond,0.20634523219966483
2020-01-31,Equity,0.19996945039450256
2020-01-31,Oil,0.19340254079242736
2020-01-31,Gold,0.19839278563772775
2020-01-31,Bond,0.2096153280377624
2020-02-01,Equity,0.19896552134522705
2020-02-01,Oil,0.19617149805717787
2020-02-01,Gold,0.19972688836586078
2020-02-01,Bond,0.20736985998211957
2020-02-02,Equity,0.1982515210651995
2020-02-02,Oil,0.19655419779677402
2020-02-02,Gold,0.19969459411495086
2020-02-02,Bond,0.20732089712669444
2020-02-03,Equity,0.19780578358227724
2020-02-03,Oil,0.19504444336151372
2020-02-03,Gold,0.20205361508242203
2020-02-03,Bond,0.20634850390267676
2020-02-04,Equity,0.1983645430895395
2020-02-04,Oil,0.19658988137202574
2020-02-04,Gold,0.20131036011195153
2020-02-04,Bond,0.20505376471739695
2020-02-05,Equity,0.19654780668860652
2020-02-05,Oil,0.19547166077440864
2020-02-05,Gold,0.20244027710896811
2020-02-05,Bond,0.20556234723732006
2020-02-06,Equity,0.1964012303816256
2020-02-06,Oil,0.19549049107928151
2020-02-06,Gold,0.20560912093948724
2020-02-06,Bond,0.2029192703595348
2020-02-07,Equity,0.19852597719608028
2020-02-07,Oil,0.19236926881560898
2020-02-07,Gold,0.20572975869540117
2020-02-07,Bond,0.20309500170815262
2020-02-08,Equity,0.198575956174321
2020-02-08,Oil,0.1905677879829549
2020-02-08,Gold,0.20580534540473203
2020-02-08,Bond,0.2039937215068402
2020-02-09,Equity,0.19694619871294108
2020-02-09,Oil,0.19235358729570695
2020-02-09,Gold,0.20348447141230636
2020-02-09,Bond,0.2046735785223523
2020-02-10,Equity,0.19649505285690727
2020-02-10,Oil,0.19432790893182564
2020-02-10,Gold,0.20547358094145263
2020-02-10,Bond,0.20058788832463914
2020-02-11,Equity,0.19658077458652118
2020-02-11,Oil,0.19498731101629405
2020-02-11,Gold,0.20436198744371517
2020-02-11,Bond,0.2006140949242083
2020-02-12,Equity,0.18582751355243016
2020-02-12,Oil,0.2000932841664778
2020-02-12,Bond,0.10001514906262712
2020-02-13,Equity,0.2000651324954697
2020-02-13,Oil,0.2000608186214549
2020-02-13,Gold,0.20006058531566276
2020-02-13,Bond,0.10000027356700475
2020-02-14,Equity,0.2011043964633014
2020-02-14,Oil,0.19780800804285767
2020-02-14,Gold,0.19986118098913774
2020-02-14,Bond,0.10037386044799636
2020-02-15,Equity,0.20318744238769204
2020-02-15,Oil,0.19605149459296722
2020-02-15,Gold,0.19928274112401476
2020-02-15,Bond,0.10114312271817244
2020-02-16,Equity,0.20320759508392489
2020-02-16,Oil,0.19549198442166624
2020-02-16,Gold,0.19954993709437233
2020-02-16,Bond,0.1008897147370278
2020-02-17,Equity,0.20222470286547545
2020-02-17,Oil,0.1963943721231583
2020-02-17,Gold,0.2007096721541775
2020-02-17,Bond,0.10160003404405024
2020-02-18,Equity,0.200775441249133
2020-02-18,Oil,0.19673901318590545
2020-02-18,Gold,0.20344153907177173
2020-02-18,Bond,0.10047566508947371
2020-02-19,Equity,0.20033195220475278
2020-02-19,Oil,0.19379638737082444
2020-02-19,Gold,0.20529464767235286
2020-02-19,Bond,0.10124323281444532
2020-02-20,Equity,0.20063886005304668
2020-02-20,Oil,0.19335692527328927
2020-02-20,Gold,0.20677903281817514
2020-02-20,Bond,0.10153651199721105
2020-02-21,Equity,0.1999155512268961
2020-02-21,Oil,0.19236996733782
2020-02-21,Gold,0.20828881343885566
2020-02-21,Bond,0.10211380620334891
2020-02-22,Equity,0.20084617265772978
2020-02-22,Oil,0.19038140595165826
2020-02-22,Gold,0.20856485174132705
2020-02-22,Bond,0.10397054991432698
2020-02-23,Equity,0.20004696677676487
2020-02-23,Oil,0.19087656774143794
2020-02-23,Gold,0.21087851640799296
2020-02-23,Bond,0.10300162788840812
2020-02-24,Equity,0.19808314844403518
2020-02-24,Oil,0.19315829129018525
2020-02-24,Gold,0.20846486470673278
2020-02-24,Bond,0.10463265253614247
2020-02-25,Equity,0.19666941430633525
2020-02-25,Oil,0.1949199904598349
2020-02-25,Gold,0.2069945042486077
2020-02-25,Bond,0.10582412022054738
2020-02-26,Equity,0.20117274415816924
2020-02-26,Oil,0.19299279139493486
2020-02-26,Gold,0.20498546460191866
2020-02-26,Bond,0.1057131169331701
2020-02-27,Equity,0.2008607481129041
2020-02-27,Oil,0.19229165197784057
2020-02-27,Gold,0.20425673737383837
2020-02-27,Bond,0.10761651461285113
2020-02-28,Equity,0.19790590875776395
2020-02-28,Oil,0.19318707196477558
2020-02-28,Gold,0.20593690849213875
2020-02-28,Bond,0.10760226155452246
2020-02-29,Equity,0.19617709876964745
2020-02-29,Oil,0.1955905907060581
2020-02-29,Gold,0.20418532024781355
2020-02-29,Bond,0.10790746209626316
2020-03-01,Equity,0.19503816609719024
2020-03-01,Oil,0.19491000066805952
2020-03-01,Gold,0.20548273457132285
2020-03-01,Bond,0.10804255731375119
2020-03-02,Equity,0.19420979379009898
2020-03-02,Oil,0.1954604200410944
2020-03-02,Gold,0.20523752792756547
2020-03-02,Bond,0.10717574015181479
2020-03-03,Equity,0.19289018138012293
2020-03-03,Oil,0.19411847293160187
2020-03-03,Gold,0.2053819557691411
2020-03-03,Bond,0.10844673844472409
2020-03-04,Gold,0.20561734132075732
2020-03-05,Gold,0.20000251231377517
2020-03-06,Gold,0.06908176788350823
2020-03-06,Bond,0.20006003801740901
2020-03-07,Equity,0.13186002791990983
2020-03-07,Gold,0.06910431411259028
2020-03-07,Bond,0.20000017654016805
2020-03-08,Equity,0.13186034742882155
2020-03-08,Gold,0.20004017954802006
2020-03-08,Bond,0.20000075778024792
2020-03-09,Gold,0.20006156385319301
2020-03-10,Gold,0.200000502041618
2020-03-11,Equity,0.05727172222651117
2020-03-11,Gold,0.06981002365038125
2020-03-12,Equity,0.200081745061234
2020-03-12,Gold,0.2000389981484175
2020-03-13,Gold,0.2000602764989309
2020-03-13,Bond,0.20006003801740907
2020-03-14,Gold,0.07435515952861955
2020-03-14,Bond,0.10001475522967956
2020-03-15,Gold,0.20003766495768918
2020-03-15,Bond,0.10000003102223859
2020-03-16,Gold,0.17017561040369109
2020-03-16,Bond,0.10000012429185204
2020-03-17,Gold,0.08624452972878206
2020-03-17,Bond,0.10000003876391772
2020-03-18,Gold,0.20003474742162075
2020-03-18,Bond,0.1000001437924591
2020-03-19,Gold,0.20000043747668036
2020-03-19,Bond,0.10000014541639973
2020-03-20,Gold,0.20000023039092918
2020-03-20,Bond,0.10000009255789095
2020-03-21,Gold,0.20000008477680117
2020-03-21,Bond,0.10000002393859803
2020-03-22,Gold,0.08978329387899936
2020-03-22,Bond,0.20002984839957472
2020-03-23,Oil,0.05582859211107009
2020-03-23,Gold,0.20006276477140475
2020-03-23,Bond,0.10001493232133633
2020-03-24,Oil,0.05701959894860007
2020-03-24,Gold,0.08434175980427944
2020-03-24,Bond,0.10000013754057079
2020-03-25,Gold,0.0845494241609481
2020-03-25,Bond,0.10000008282871962
2020-03-26,Oil,0.05826528522263683
2020-03-26,Gold,0.20003494442069858
2020-03-26,Bond,0.10000022827483564
2020-03-27,Oil,0.20004279255049054
2020-03-27,Gold,0.20000043521221308
2020-03-27,Bond,0.10000019202850122
2020-03-28,Oil,0.178196829722805
2020-03-28,Gold,0.18707347163067828
2020-03-28,Bond,0.10000010547413865
2020-03-29,Oil,0.2000108009642374
2020-03-29,Gold,0.20000410141591365
2020-03-29,Bond,0.10000020412370034
2020-03-30,Equity,0.20006203049154073
2020-03-30,Oil,0.20000199187619028
2020-03-30,Gold,0.2000015845559572
2020-03-30,Bond,0.1000002585342712
2020-03-31,Oil,0.20000068121274434
2020-03-31,Gold,0.20000031517250583
2020-03-31,Bond,0.10000011839312946
2020-04-01,Bond,0.10000010778271548
2020-04-02,Equity,0.20018040869107878
2020-04-02,Oil,0.20012033455043055
2020-04-02,Gold,0.200060278438032
2020-04-02,Bond,0.10000012017423637
2020-04-03,Equity,0.19770840689847916
2020-04-03,Oil,0.20037085774383093
2020-04-03,Gold,0.20046176213604797
2020-04-03,Bond,0.100460363878818
2020-04-04,Equity,0.197563934630921
2020-04-04,Oil,0.19954662669022358
2020-04-04,Gold,0.19789546610918926
2020-04-04,Bond,0.10405583677079483
2020-04-05,Equity,0.19989278555214499
2020-04-05,Oil,0.19566510266746123
2020-04-05,Gold,0.19839540134012726
2020-04-05,Bond,0.10661197701012654
2020-04-06,Equity,0.2006212525752417
2020-04-06,Oil,0.19557696688174792
2020-04-06,Gold,0.197648827944975
2020-04-06,Bond,0.10773807377347168
2020-04-07,Equity,0.19836065996539978
2020-04-07,Oil,0.1972044439580505
2020-04-07,Gold,0.1969462474974808
2020-04-07,Bond,0.10737502172165037
2020-04-08,Equity,0.19652729278310074
2020-04-08,Oil,0.19688864759412675
2020-04-08,Gold,0.19822158740753362
2020-04-08,Bond,0.10874475813531968
2020-04-09,Equity,0.19826522877403757
2020-04-09,Oil,0.19635318511532798
2020-04-09,Gold,0.19905742192241413
2020-04-09,Bond,0.10681952080479033
2020-04-10,Equity,0.19962323739312948
2020-04-10,Oil,0.19368264554794143
2020-04-10,Gold,0.1986799751024432
2020-04-10,Bond,0.10837179158328006
2020-04-11,Equity,0.20005079940047998
2020-04-11,Oil,0.19422440661363924
2020-04-11,Gold,0.19759887609646112
2020-04-11,Bond,0.10637880107904717
2020-04-12,Equity,0.20122201034318926
2020-04-12,Oil,0.19392158698159903
2020-04-12,Gold,0.1963072758630622
2020-04-12,Bond,0.10623818055051254
2020-04-13,Equity,0.19969006660874686
2020-04-13,Oil,0.1932085850612134
2020-04-13,Gold,0.195477606790733
2020-04-13,Bond,0.10799814436446531
2020-04-14,Equity,0.197298889075164
2020-04-14,Oil,0.19309472418315712
2020-04-14,Gold,0.19714394933731405
2020-04-14,Bond,0.10852596059506905
2020-04-15,Equity,0.047123551321326604
2020-04-15,Oil,0.09758715253083382
2020-04-15,Gold,0.06744828145953859
2020-04-16,Equity,0.04648893745098603
2020-04-16,Oil,0.08074569520159541
2020-04-16,Gold,0.0686455567064622
2020-04-17,Equity,0.04716969066318836
2020-04-17,Oil,0.08395091104510631
2020-04-17,Gold,0.06864055800585532
2020-04-18,Equity,0.10034104769394653
2020-04-18,Gold,0.13650338326907266
2020-04-18,Bond,0.10001500725183814
2020-04-19,Equity,0.09033374336597806
2020-04-19,Gold,0.1359255669912296
2020-04-19,Bond,0.099921731421083
2020-04-20,Equity,0.20011228835318132
2020-04-20,Oil,0.20007930381326094
2020-04-20,Gold,0.20001926001418657
2020-04-20,Bond,0.10000010211105415
2020-04-21,Equity,0.2009856908019021
2020-04-21,Oil,0.1997952671324221
2020-04-21,Gold,0.19874141777307666
2020-04-21,Bond,0.10103478188051698
2020-04-22,Equity,0.19814200963802175
2020-04-22,Oil,0.20124845240300965
2020-04-22,Gold,0.197618684108741
2020-04-22,Bond,0.10155166444298697
2020-04-23,Equity,0.1970435516368911
2020-04-23,Oil,0.20503310068951974
2020-04-23,Gold,0.19579796987895617
2020-04-23,Bond,0.10248977238825885
2020-04-24,Equity,0.1967467808427314
2020-04-24,Oil,0.20446680418527757
2020-04-24,Gold,0.1971594511219302
2020-04-24,Bond,0.10224360161719703
2020-04-25,Equity,0.19568896768673977
2020-04-25,Oil,0.20493300095506323
2020-04-25,Gold,0.198546572808044
2020-04-25,Bond,0.1016689620925595
2020-04-26,Equity,0.19766366149114503
2020-04-26,Oil,0.20424089667540665
2020-04-26,Gold,0.19709424205768286
2020-04-26,Bond,0.10274552968672467
2020-04-27,Equity,0.19990028710488303
2020-04-27,Oil,0.2019839786886478
2020-04-27,Gold,0.19551743565097407
2020-04-27,Bond,0.10417108274318511
2020-04-28,Equity,0.20533646916775858
2020-04-28,Oil,0.203013201177885
2020-04-28,Gold,0.192238572828774
2020-04-28,Bond,0.10287224559188345
2020-04-29,Equity,0.2032654199393457
2020-04-29,Oil,0.20495332661847593
2020-04-29,Gold,0.192358889231511
2020-04-29,Bond,0.10229157521588475
2020-04-30,Equity,0.2032069661592017
2020-04-30,Oil,0.20563825229622487
2020-04-30,Gold,0.19174269141199546
2020-04-30,Bond,0.103637282575417
2020-05-01,Equity,0.2054664893641806
2020-05-01,Oil,0.20297522284081904
2020-05-01,Gold,0.1938230176112967
2020-05-01,Bond,0.1031237515873112
2020-05-02,Equity,0.20370437092445473
2020-05-02,Oil,0.2054947815644854
2020-05-02,Gold,0.19373428396826847
2020-05-02,Bond,0.10295287673791305
2020-05-03,Equity,0.20685878132617758
2020-05-03,Oil,0.2023211192799832
2020-05-03,Gold,0.19462589238846642
2020-05-03,Bond,0.10253486706288745
2020-05-04,Equity,0.2072423603947551
2020-05-04,Oil,0.2031466746062518
2020-05-04,Gold,0.1927662052940788
2020-05-04,Bond,0.10371249120714035
2020-05-05,Equity,0.2029964609020056
2020-05-05,Oil,0.20697528439065446
2020-05-05,Gold,0.19222405999389927
2020-05-05,Bond,0.10561821594119648
2020-05-06,Bond,0.10624320795503764
2020-05-08,Oil,0.056743456404529755
2020-05-08,Bond,0.20006003801740901
2020-05-09,Oil,0.05631228509880479
2020-05-09,Bond,0.20000010058580717
2020-05-11,Bond,0.20006003801740904
2020-05-13,Equity,0.20006003801740904
2020-05-14,Equity,0.20001904661982212
2020-05-14,Oil,0.06306077081413794
2020-05-15,Equity,0.054711764424495574
2020-05-15,Oil,0.05949390315255671
2020-05-15,Bond,0.10001500725183815
2020-05-16,Equity,0.05531047117912529
2020-05-16,Oil,0.1177050954168622
2020-05-16,Gold,0.06030194885230882
2020-05-16,Bond,0.1000000328525434
2020-05-17,Equity,0.20012086475615806
2020-05-17,Gold,0.20004208115560695
2020-05-17,Bond,0.10000007771319258
2020-05-18,Equity,0.05609608225832654
2020-05-18,Gold,0.06186130864503362
2020-05-18,Bond,0.1000001917312014
2020-05-19,Equity,0.06772681804621733
2020-05-19,Oil,0.1189265394081977
2020-05-19,Gold,0.06371325881977007
2020-05-19,Bond,0.10000003386623164
2020-05-20,Equity,0.07037808708995592
2020-05-20,Oil,0.12053282682264585
2020-05-20,Gold,0.0634262561497167
2020-05-20,Bond,0.10000001935118305
2020-05-21,Oil,0.20004262847602589
2020-05-21,Bond,0.10000005750672757
2020-05-22,Oil,0.05676603500088914
2020-05-22,Gold,0.2000601766846352
2020-05-22,Bond,0.10000006931280606
2020-05-23,Oil,0.05953365138380721
2020-05-23,Gold,0.20000012609290488
2020-05-23,Bond,0.1000000343865196
2020-05-24,Bond,0.10000001767693721
2020-05-25,Bond,0.10000013301528907
2020-05-26,Equity,0.07339465721075196
2020-05-26,Bond,0.10000017203365573
2020-05-27,Equity,0.2000383197334373
2020-05-27,Bond,0.10000003188232569
2020-05-28,Equity,0.07447050782493356
2020-05-28,Bond,0.1000001860983758
2020-05-29,Bond,0.10000002077780655
2020-05-30,Equity,0.12866480894919552
2020-05-30,Gold,0.1270034284177855
2020-05-30,Bond,0.10000014153588412
2020-05-31,Equity,0.12101626782170997
2020-05-31,Gold,0.12785285365029153
2020-05-31,Bond,0.10000009329278936
2020-06-01,Equity,0.1238683419439955
2020-06-01,Gold,0.1328828057458992
2020-06-01,Bond,0.1000957859342627
2020-06-02,Equity,0.061646078526455456
2020-06-02,Gold,0.077814842933426
2020-06-02,Bond,0.10000006206086604
2020-06-03,Equity,0.2000788687035355
2020-06-03,Gold,0.2000373019410913
2020-06-03,Bond,0.10000021510532484
2020-06-04,Equity,0.1198423522831958
2020-06-04,Oil,0.14431453112982814
2020-06-04,Gold,0.18217858067218098
2020-06-04,Bond,0.10000013432732213
2020-06-05,Equity,0.11850906475569081
2020-06-05,Oil,0.1467216300318755
2020-06-05,Gold,0.18146867546485324
2020-06-05,Bond,0.10059507132230885
2020-06-06,Equity,0.11777493810557252
2020-06-06,Oil,0.14698125547490373
2020-06-06,Gold,0.18279387020516344
2020-06-06,Bond,0.10108709132783371
2020-06-07,Equity,0.11954218983840331
2020-06-07,Oil,0.14486648981203215
2020-06-07,Gold,0.1844331503534689
2020-06-07,Bond,0.10095810240927268
2020-06-08,Equity,0.11921135850704592
2020-06-08,Oil,0.1459141686511256
2020-06-08,Gold,0.18203641203928783
2020-06-08,Bond,0.10234956191857038
2020-06-09,Equity,0.11951759991702257
2020-06-09,Oil,0.14454527810138967
2020-06-09,Gold,0.1832221469229885
2020-06-09,Bond,0.10208182112158588
2020-06-10,Equity,0.11825667835924163
2020-06-10,Oil,0.1450996075459459
2020-06-10,Gold,0.18398120088089087
2020-06-10,Bond,0.10384767752692495
2020-06-11,Equity,0.11822776194236027
2020-06-11,Oil,0.1470859773154839
2020-06-11,Gold,0.18188709816675355
2020-06-11,Bond,0.10308090403969693
2020-06-12,Equity,0.11887884339709656
2020-06-12,Oil,0.1459916886235994
2020-06-12,Gold,0.18307943021609524
2020-06-12,Bond,0.10199921535178053
2020-06-13,Equity,0.1193722880814616
2020-06-13,Oil,0.14704736533743223
2020-06-13,Gold,0.1842790061054746
2020-06-13,Bond,0.10034223297152112
2020-06-14,Bond,0.20003019120490398
2020-06-15,Bond,0.10001461261295086
2020-06-16,Bond,0.20002995221737271
2020-06-17,Gold,0.20006047605744964
2020-06-17,Bond,0.20000043790858485
2020-06-18,Bond,0.10001507361744064
2020-06-19,Oil,0.20015047671230946
2020-06-19,Gold,0.2000904115542481
2020-06-19,Bond,0.2000303644217407
2020-06-20,Oil,0.20008940186969712
2020-06-20,Bond,0.10001506801382534
2020-06-21,Oil,0.0674673190079467
2020-06-21,Bond,0.10000012154903816
2020-06-22,Oil,0.06871098875592344
2020-06-22,Gold,0.0651310279040309
2020-06-22,Bond,0.10000004805978936
2020-06-23,Equity,0.17984316222156765
2020-06-23,Bond,0.10000009727406425
2020-06-24,Gold,0.20006040395344601
2020-06-24,Bond,0.10000018291310982
2020-06-25,Bond,0.1000000212570219
2020-06-26,Bond,0.10000009460821634
2020-06-27,Equity,0.20006003801740904
2020-06-27,Bond,0.09995238126583006
2020-06-28,Equity,0.10243836751466559
2020-06-28,Gold,0.20006024013185422
2020-06-28,Bond,0.10000010102689533
2020-06-29,Equity,0.2000890595795615
2020-06-29,Bond,0.100015288229139
2020-06-30,Equity,0.09203466451028232
2020-06-30,Bond,0.10000007595672739
2020-07-01,Equity,0.0918395016269222
2020-07-01,Oil,0.20006016704483526
2020-07-01,Bond,0.10000006449435254
2020-07-02,Equity,0.1809144792078121
2020-07-02,Bond,0.10000017819633002
2020-07-03,Equity,0.20006622544676161
2020-07-03,Gold,0.2000605425817509
2020-07-03,Bond,0.10000025220646107
2020-07-04,Equity,0.20006022712443713
2020-07-04,Bond,0.1000000890358808
2020-07-05,Equity,0.20000026900723203
2020-07-05,Bond,0.10000005966723713
2020-07-06,Equity,0.2000008771274234
2020-07-06,Bond,0.10000010747381992
2020-07-07,Equity,0.08396910896863724
2020-07-07,Gold,0.20006012920396155
2020-07-07,Bond,0.10000004557959372
2020-07-08,Equity,0.0731966489721012
2020-07-08,Oil,0.20009059581244829
2020-07-08,Gold,0.20003054862464498
2020-07-08,Bond,0.20002996490448863
2020-07-09,Equity,0.07317715241054984
2020-07-09,Oil,0.20000147022347942
2020-07-09,Gold,0.20000112893945807
2020-07-09,Bond,0.2000009097447559
2020-07-10,Equity,0.07387821554742306
2020-07-10,Oil,0.20000114074426437
2020-07-10,Gold,0.200000549014135
2020-07-10,Bond,0.20000006421957572
2020-07-11,Equity,0.07919728670963984
2020-07-11,Oil,0.2001184680478305
2020-07-12,Equity,0.06227225702563479
2020-07-12,Oil,0.20000067626122547
2020-07-13,Equity,0.06063751439918103
2020-07-13,Oil,0.20000005418224967
2020-07-14,Oil,0.19384852910504913
2020-07-15,Oil,0.20000225946337555
2020-07-16,Oil,0.20003008899059277
2020-07-16,Bond,0.10001500725183814
2020-07-17,Oil,0.20002395476607301
2020-07-17,Gold,0.07968781799053139
2020-07-17,Bond,0.09996307955752681
2020-07-18,Oil,0.20005489778365046
2020-07-19,Oil,0.20009024998030767
2020-07-19,Gold,0.2000900615311418
2020-07-19,Bond,0.10001500725183815
2020-07-20,Oil,0.200068016322309
2020-07-20,Gold,0.07546233735154978
2020-07-20,Bond,0.2000299302807581
2020-07-21,Oil,0.16665347048999993
2020-07-22,Oil,0.20000956700421174
2020-07-23,Oil,0.1555901739546806
2020-07-24,Oil,0.07584857768683642
2020-07-24,Bond,0.20006003801740904
2020-07-25,Oil,0.15332504739305441
2020-07-26,Oil,0.15297890375514345
2020-07-27,Oil,0.20001391135963284
2020-07-28,Oil,0.20006191294428757
2020-07-28,Bond,0.20006003801740907
2020-07-29,Equity,0.064206093608067
2020-07-30,Equity,0.11723111926246378
2020-07-30,Oil,0.2001200940576357
2020-07-30,Bond,0.20006003801740901
2020-07-31,Equity,0.059063610760123446
2020-08-01,Equity,0.20004237066223482
2020-08-02,Equity,0.06596082251890353
2020-08-03,Equity,0.13297180449562934
2020-08-03,Oil,0.2001371908417731
2020-08-03,Gold,0.056953193577022276
2020-08-03,Bond,0.20006003801740904
2020-08-04,Equity,0.07352229493786411
2020-08-04,Gold,0.2001025094146975
2020-08-05,Equity,0.144508105278194
2020-08-05,Oil,0.20016307796434307
2020-08-05,Gold,0.05710631554013573
2020-08-05,Bond,0.20006003801740904
2020-08-06,Equity,0.06887055192206239
2020-08-06,Gold,0.20010335663149656
2020-08-07,Equity,0.0659621542410653
2020-08-07,Gold,0.20000018500141928
2020-08-08,Equity,0.06725697500687101
2020-08-08,Gold,0.20000032421143704
2020-08-09,Equity,0.06787507409118401
2020-08-10,Equity,0.12749742507098608
2020-08-10,Oil,0.20015072270852088
2020-08-10,Gold,0.1020308538055515
2020-08-10,Bond,0.20006003801740904
2020-08-11,Equity,0.12565485470974275
2020-08-11,Oil,0.19755819181489268
2020-08-11,Gold,0.1044813715506453
2020-08-11,Bond,0.2008988773610015
2020-08-12,Equity,0.12519291024679347
2020-08-12,Oil,0.19680734008878023
2020-08-12,Gold,0.10438194022311938
2020-08-12,Bond,0.20187244428410053
2020-08-13,Equity,0.12535950010665436
2020-08-13,Oil,0.19878481229907433
2020-08-13,Gold,0.10531133330099776
2020-08-13,Bond,0.19913039829089846
2020-08-14,Equity,0.12302664432818236
2020-08-14,Oil,0.1985681434526212
2020-08-14,Gold,0.10632024298777205
2020-08-14,Bond,0.20131425021662377
2020-08-15,Equity,0.12359457318261889
2020-08-15,Oil,0.19650187353409834
2020-08-15,Gold,0.10677375411939713
2020-08-15,Bond,0.20224149738093966
2020-08-16,Equity,0.1255353753001153
2020-08-16,Oil,0.19512296585164765
2020-08-16,Gold,0.10787742049680467
2020-08-16,Bond,0.20053475632056458
2020-08-17,Equity,0.12708988254693035
2020-08-17,Oil,0.19646554314362896
2020-08-17,Gold,0.10562845921429789
2020-08-17,Bond,0.19986395687648084
2020-08-18,Equity,0.12672348987226573
2020-08-18,Oil,0.19481957131294428
2020-08-18,Gold,0.10526837053570876
2020-08-18,Bond,0.20264776871273707
2020-08-19,Oil,0.20003648583998704
2020-08-19,Gold,0.0888290310558859
2020-08-19,Bond,0.10001555495734492
2020-08-20,Oil,0.19428838792638708
2020-08-20,Gold,0.043982992462255954
2020-08-20,Bond,0.10000010479960043
2020-08-21,Oil,0.20001568743103854
2020-08-21,Gold,0.08904274916096029
2020-08-21,Bond,0.1000000818827224
2020-08-22,Oil,0.20000136291870868
2020-08-22,Gold,0.08896136185439543
2020-08-22,Bond,0.10000002842791712
2020-08-23,Oil,0.17647379436726424
2020-08-23,Gold,0.04524669001700296
2020-08-23,Bond,0.10000008263934702
2020-08-24,Oil,0.20002426284775368
2020-08-24,Gold,0.09902575624252444
2020-08-24,Bond,0.10000010440532987
2020-08-25,Oil,0.2000003322894249
2020-08-25,Gold,0.09957789499186763
2020-08-25,Bond,0.10000004684980934
2020-08-26,Oil,0.1655664509991631
2020-08-26,Gold,0.04978184116488793
2020-08-26,Bond,0.10000012882137317
2020-08-27,Oil,0.16345094253030196
2020-08-27,Gold,0.051678253107211324
2020-08-28,Oil,0.16189351083627737
2020-08-28,Gold,0.051585851105929545
2020-08-28,Bond,0.10001500725183815
2020-08-29,Equity,0.2001169993082604
2020-08-29,Oil,0.12227927337864035
2020-08-29,Gold,0.2000451416688701
2020-08-29,Bond,0.10000023511543454
2020-08-30,Equity,0.20012964956953286
2020-08-30,Oil,0.12273752667381099
2020-08-30,Gold,0.19970973495502
2020-08-30,Bond,0.1003587450445033
2020-08-31,Equity,0.20003217539066134
2020-08-31,Oil,0.1293407713034156
2020-08-31,Gold,0.20003002379858134
2020-09-01,Equity,0.12584592506947576
2020-09-01,Oil,0.20007434454145137
2020-09-01,Gold,0.12248302648324054
2020-09-01,Bond,0.10001500725183814
2020-09-02,Equity,0.06311111311086437
2020-09-02,Oil,0.20001974757604307
2020-09-02,Gold,0.05862856707007753
2020-09-02,Bond,0.09998037257730594
2020-09-03,Oil,0.2000005058084972
2020-09-03,Gold,0.05935999204748189
2020-09-03,Bond,0.10000005882998368
2020-09-04,Oil,0.200031326324759
2020-09-04,Gold,0.06201106485006705
2020-09-05,Oil,0.2000501421525321
2020-09-05,Gold,0.12585925483351842
2020-09-05,Bond,0.10001500725183814
2020-09-06,Oil,0.19455309212070632
2020-09-06,Bond,0.10000007292156789
2020-09-07,Oil,0.20000229692515092
2020-09-07,Bond,0.1000000359873794
2020-09-08,Oil,0.20000102513296344
2020-09-08,Bond,0.10000024317647209
2020-09-09,Bond,0.10000009017098725
2020-09-10,Bond,0.10000008295164992
2020-09-11,Oil,0.16129745614358007
2020-09-11,Bond,0.10000039549094585
2020-09-12,Oil,0.1748066216715832
2020-09-12,Bond,0.09994025002374433
2020-09-13,Oil,0.17048944050700057
2020-09-13,Bond,0.10000009799797736
2020-09-14,Oil,0.18513167946984793
2020-09-14,Bond,0.1000257156917246
2020-09-15,Oil,0.20000447570531557
2020-09-15,Bond,0.10000008762988725
2020-09-16,Bond,0.1000000176198331
2020-09-17,Equity,0.20006015211104586
2020-09-17,Bond,0.10000005702969866
2020-09-18,Bond,0.10000008646044749
2020-09-19,Oil,0.2000603738844556
2020-09-19,Bond,0.10000016788312645
2020-09-20,Oil,0.20000084045771355
2020-09-20,Bond,0.10000015632948418
2020-09-21,Oil,0.05188270213791128
2020-09-21,Gold,0.06235299928043075
2020-09-21,Bond,0.10000011129969481
2020-09-22,Equity,0.20010987351519824
2020-09-22,Oil,0.15536999813149385
2020-09-22,Bond,0.09991396827617745
2020-09-23,Equity,0.16633742421943046
2020-09-23,Oil,0.20001321797328073
2020-09-23,Bond,0.10000030595126418
2020-09-24,Equity,0.19244323120118176
2020-09-24,Oil,0.20000085558300984
2020-09-24,Bond,0.10000014101416278
2020-09-25,Equity,0.18163134181973525
2020-09-25,Oil,0.2000298351403732
2020-09-25,Gold,0.11901306865480235
2020-09-25,Bond,0.10000006739628745
2020-09-26,Equity,0.178170943694998
2020-09-26,Oil,0.20062906643519018
2020-09-26,Gold,0.12088852104669082
2020-09-26,Bond,0.10031282059714483
2020-09-27,Equity,0.08071541579823774
2020-09-27,Oil,0.19700512239048712
2020-09-27,Bond,0.10000022281995663
2020-09-28,Equity,0.2000499605643977
2020-09-28,Oil,0.14678152181693221
2020-09-28,Bond,0.10000004650469071
2020-09-29,Equity,0.07735042861722645
2020-09-29,Oil,0.19409827637640598
2020-09-29,Gold,0.2000601092952433
2020-09-29,Bond,0.1000000356282219
2020-09-30,Equity,0.07833323973276185
2020-09-30,Oil,0.20000218187818466
2020-09-30,Gold,0.20002731557882428
2020-09-30,Bond,0.10000030735332233
2020-10-01,Equity,0.15264945793298343
2020-10-01,Oil,0.20002568298879156
2020-10-01,Gold,0.1155463907928891
2020-10-01,Bond,0.10000031432869105
2020-10-02,Equity,0.20005133879110856
2020-10-02,Oil,0.1648509079800449
2020-10-02,Gold,0.20002524185337142
2020-10-02,Bond,0.09997097964191931
2020-10-03,Equity,0.2005843338292342
2020-10-03,Oil,0.1656740919854908
2020-10-03,Gold,0.19762567494164765
2020-10-03,Bond,0.10001075221470733
2020-10-04,Equity,0.2013491588788827
2020-10-04,Oil,0.16429596040103528
2020-10-04,Gold,0.1987281565588954
2020-10-04,Bond,0.1003108155934825
2020-10-05,Equity,0.1996795087846724
2020-10-05,Oil,0.16441022209612619
2020-10-05,Gold,0.20033557676573172
2020-10-05,Bond,0.10025972266101478
2020-10-06,Equity,0.20177858344338923
2020-10-06,Oil,0.1637621016940396
2020-10-06,Gold,0.1985612064124381
2020-10-06,Bond,0.10061557812747711
2020-10-07,Equity,0.20010940983840506
2020-10-07,Bond,0.10000004051131688
2020-10-08,Equity,0.1320786168428068
2020-10-08,Oil,0.058544414047085915
2020-10-08,Bond,0.10000004895186286
2020-10-09,Equity,0.06598939214568146
2020-10-09,Gold,0.20006053283081682
2020-10-09,Bond,0.10000024733245715
2020-10-10,Equity,0.1186640258245502
2020-10-10,Oil,0.06432621752920942
2020-10-10,Bond,0.10000003840796579
2020-10-11,Equity,0.057521641159408915
2020-10-11,Oil,0.1774498605768657
2020-10-11,Bond,0.10000016782163988
2020-10-12,Equity,0.05815442175129972
2020-10-12,Oil,0.20002716578039198
2020-10-12,Gold,0.06455198272786568
2020-10-12,Bond,0.10000014119060534
2020-10-13,Equity,0.05696327762367123
2020-10-13,Oil,0.19993233570613084
2020-10-13,Gold,0.06365460263310123
2020-10-13,Bond,0.10000003690867197
2020-10-14,Equity,0.05577407789264764
2020-10-14,Oil,0.20002025567480547
2020-10-14,Bond,0.10000031434503273
2020-10-15,Equity,0.20010363559014335
2020-10-15,Bond,0.10005238556163244
2020-10-16,Equity,0.05627294531242977
2020-10-16,Oil,0.2001203453901016
2020-10-16,Gold,0.20006028927445002
2020-10-16,Bond,0.10000012559081939
2020-10-17,Equity,0.11193926888877988
2020-10-17,Oil,0.061654709231020594
2020-10-17,Bond,0.1000001028932478
2020-10-18,Equity,0.11278809480740247
2020-10-18,Oil,0.06447434896687099
2020-10-18,Gold,0.0639753326682622
2020-10-18,Bond,0.10000007159474161
2020-10-19,Equity,0.057541455046309795
2020-10-19,Oil,0.2000817506173577
2020-10-19,Gold,0.20004101195783364
2020-10-19,Bond,0.10000026426248579
2020-10-20,Equity,0.1157300623536174
2020-10-20,Oil,0.06881246490444605
2020-10-20,Bond,0.10000018973097838
2020-10-21,Equity,0.2000750766769105
2020-10-21,Bond,0.20002974928628597
2020-10-22,Equity,0.05187555703565813
2020-10-22,Oil,0.20009049162669176
2020-10-22,Bond,0.1000152222350773
2020-10-23,Equity,0.11063467599113282
2020-10-23,Oil,0.06836715558430013
2020-10-23,Gold,0.06518646855100647
2020-10-23,Bond,0.10000002636677584
2020-10-24,Oil,0.20005952816951061
2020-10-24,Bond,0.0999428314695734
2020-10-25,Equity,0.05551040366537504
2020-10-25,Oil,0.2000008150158705
2020-10-25,Bond,0.10000016968904737
2020-10-26,Equity,0.20013345259602008
2020-10-26,Bond,0.20002967794655022
2020-10-27,Oil,0.20008982001766534
2020-10-27,Bond,0.100014886531339
2020-10-28,Oil,0.20003041889718398
2020-10-29,Oil,0.19615858932344277
2020-10-30,Bond,0.20006003801740904
2020-11-02,Oil,0.20006003801740904
2020-11-04,Oil,0.20006003801740904
2020-11-05,Oil,0.2000300935459502
2020-11-05,Bond,0.10001500725183816
2020-11-09,Oil,0.20006003801740904
2020-11-11,Gold,0.20006003801740901
2020-11-12,Gold,0.10263669481266853
2020-11-13,Gold,0.10386964841094176
2020-11-14,Oil,0.20008891702196083
2020-11-14,Gold,0.20002887033796254
2020-11-15,Gold,0.11675740462365926
2020-11-16,Gold,0.17885651439906375
2020-11-17,Oil,0.20006647496769217
2020-11-17,Gold,0.2000064350185544
2020-11-18,Equity,0.2001237666725587
2020-11-18,Gold,0.18574834544508276
2020-11-19,Equity,0.20000165542039502
2020-11-19,Gold,0.19336013757614673
2020-11-20,Equity,0.2000032488344068
2020-11-20,Gold,0.20000271461231037
2020-11-21,Equity,0.2000005071287778
2020-11-21,Gold,0.2000001866684606
2020-11-22,Equity,0.1875927738080284
2020-11-22,Gold,0.20000044731856254
2020-11-23,Equity,0.20000370592276223
2020-11-23,Gold,0.20000026853429792
2020-11-24,Equity,0.20006651457663416
2020-11-24,Gold,0.1807274045650273
2020-11-24,Bond,0.20006003801740904
2020-11-25,Equity,0.2000585855283725
2020-11-25,Gold,0.18963131297850325
2020-11-25,Bond,0.20000028211025173
2020-11-26,Equity,0.2000596880049948
2020-11-26,Gold,0.19090299137055652
2020-11-27,Gold,0.14623791242121292
2020-11-28,Oil,0.15243736681648368
2020-11-29,Oil,0.20013013992600434
2020-11-29,Gold,0.18512817668663586
2020-11-29,Bond,0.20006003801740904
2020-11-30,Gold,0.18270760812937012
2020-11-30,Bond,0.20000023251232849
2020-12-01,Oil,0.20012658779718803
2020-12-01,Gold,0.2000665298081901
2020-12-02,Oil,0.15026171472791275
2020-12-02,Gold,0.1352778648805147
2020-12-03,Equity,0.08172516319343488
2020-12-03,Oil,0.2000643687052708
2020-12-03,Gold,0.2000493000195414
2020-12-03,Bond,0.10001500725183815
2020-12-04,Equity,0.08062144867601491
2020-12-04,Oil,0.20000039188361896
2020-12-04,Gold,0.20000032780166016
2020-12-04,Bond,0.10000003551561693
2020-12-05,Oil,0.20009060452734537
2020-12-06,Equity,0.20006038698279194
2020-12-06,Oil,0.20000034886065843
2020-12-07,Equity,0.20000041670944824
2020-12-07,Oil,0.2000001749220485
2020-12-08,Equity,0.20000016477518426
2020-12-08,Oil,0.20000009219222445
2020-12-09,Equity,0.07918780519490916
2020-12-09,Oil,0.20006040406082848
2020-12-09,Gold,0.20006003801740907
2020-12-10,Equity,0.20009690211699108
2020-12-10,Oil,0.20006061310646409
2020-12-11,Oil,0.19994324292621635
2020-12-12,Equity,0.07793622615880165
2020-12-12,Oil,0.20009076409443372
2020-12-12,Gold,0.20009006153114176
2020-12-12,Bond,0.10001500725183815
2020-12-13,Equity,0.07785365708280174
2020-12-13,Oil,0.20000122198390355
2020-12-13,Gold,0.20000065465683475
2020-12-13,Bond,0.10000018438402125
2020-12-14,Oil,0.20000069778759802
2020-12-14,Gold,0.1999159289946936
2020-12-14,Bond,0.10000016163366661
2020-12-15,Oil,0.20013579921369812
2020-12-15,Bond,0.10000008828755447
2020-12-16,Oil,0.20003054282104044
2020-12-17,Oil,0.2000607585464133
2020-12-17,Bond,0.20006003801740904
2020-12-18,Oil,0.20000053825202016
2020-12-18,Bond,0.2000001720669798
2020-12-19,Oil,0.20005938902029827
2020-12-20,Oil,0.2001190326191665
2020-12-20,Gold,0.20009006153114178
2020-12-20,Bond,0.10001500725183814
2020-12-21,Oil,0.20006179746083866
2020-12-21,Bond,0.10000013105162482
2020-12-22,Oil,0.20000026224740197
2020-12-22,Bond,0.1000001032401413
2020-12-23,Oil,0.20002980171710735
2020-12-23,Bond,0.20002956820599238
2020-12-24,Oil,0.20006030550579293
2020-12-24,Gold,0.20006012314912988
2020-12-24,Bond,0.20000008510617284
2020-12-25,Oil,0.20003085121106756
2020-12-25,Gold,0.2000307926906797
2020-12-25,Bond,0.10001500989401878
2020-12-26,Equity,0.2000905089743034
2020-12-26,Oil,0.20003046181256018
2020-12-26,Gold,0.20003007164913428
2020-12-27,Gold,0.2000009867188561
2020-12-28,Equity,0.20006013341827167
2020-12-28,Gold,0.2000000953722329
2020-12-29,Equity,0.20000132218240274
2020-12-29,Gold,0.2000007997893531
2020-12-30,Equity,0.20003098577728212
2020-12-30,Gold,0.20003053315002872
2020-12-30,Bond,0.10001500725183815
2020-12-31,Equity,0.20000129153211352
2020-12-31,Gold,0.20000123063789726
2020-12-31,Bond,0.10000014122871688
2021-01-01,Equity,0.16126466192147598
2021-01-01,Oil,0.07806118332889253
2021-01-01,Gold,0.20000144313986384
2021-01-01,Bond,0.10000024865545547
2021-01-02,Equity,0.06971316156249983
2021-01-02,Oil,0.20003678235986658
2021-01-02,Gold,0.20000032839368379
2021-01-02,Bond,0.10000011775339306
2021-01-03,Equity,0.13265437869557342
2021-01-03,Oil,0.09597236117236907
2021-01-03,Gold,0.200000090348377
2021-01-03,Bond,0.10000001825459412
2021-01-04,Equity,0.06509979647486408
2021-01-04,Gold,0.20000064015017846
2021-01-04,Bond,0.10000017248800402
2021-01-05,Equity,0.12435314719555599
2021-01-05,Gold,0.20003056357787258
2021-01-06,Equity,0.05836174117627066
2021-01-06,Gold,0.20003053906179424
2021-01-06,Bond,0.10001500725183814
2021-01-07,Equity,0.20009964680826411
2021-01-07,Gold,0.11260489088934293
2021-01-08,Equity,0.05883618738512759
2021-01-08,Gold,0.2000268071910681
2021-01-09,Equity,0.1216989865522585
2021-01-09,Oil,0.200060664616916
2021-01-09,Gold,0.20000062641146446
2021-01-10,Equity,0.0648654698228032
2021-01-10,Gold,0.20000069510917132
2021-01-11,Equity,0.12474636488154403
2021-01-11,Oil,0.200103596352231
2021-01-11,Gold,0.05354561402011711
2021-01-12,Equity,0.06254846215016915
2021-01-12,Gold,0.20004404263228964
2021-01-13,Equity,0.12719657303056361
2021-01-13,Oil,0.20010346653651095
2021-01-13,Gold,0.053470491972338954
2021-01-14,Equity,0.2000973684078097
2021-01-15,Equity,0.06382709121163331
2021-01-15,Gold,0.20006003801740901
2021-01-16,Equity,0.06425792411270623
2021-01-16,Gold,0.20000039757756016
2021-01-17,Equity,0.06440524397402678
2021-01-17,Oil,0.18336446086405242
2021-01-17,Gold,0.20000051471597205
2021-01-18,Equity,0.06375013361055787
2021-01-18,Oil,0.18166006419897177
2021-01-18,Gold,0.20000019107589123
2021-01-19,Oil,0.11927781846688247
2021-01-19,Gold,0.1899946088293342
2021-01-20,Oil,0.1804483554694984
2021-01-20,Gold,0.2000032871823579
2021-01-21,Oil,0.20000655690654767
2021-01-21,Gold,0.20000107686820404
2021-01-22,Equity,0.060964373485824994
2021-01-22,Oil,0.1696663469367208
2021-01-22,Gold,0.20000071530472824
2021-01-23,Equity,0.13235099437845887
2021-01-23,Oil,0.20000916316439565
2021-01-23,Gold,0.2000004077656481
2021-01-24,Equity,0.06507688593661033
2021-01-24,Oil,0.16592218007196952
2021-01-24,Gold,0.2000015160021728
2021-01-25,Equity,0.0672420060442032
2021-01-25,Oil,0.16505822590299946
2021-01-25,Gold,0.20006036860244586
2021-01-25,Bond,0.20006003801740904
2021-01-26,Equity,0.13853556301981707
2021-01-26,Oil,0.20006997220212616
2021-01-26,Gold,0.20005974431141108
2021-01-27,Equity,0.06838123263468483
2021-01-27,Oil,0.2000007750868044
2021-01-27,Gold,0.20000004025342152
2021-01-28,Equity,0.13338867073947205
2021-01-28,Oil,0.2000018690699868
2021-01-28,Gold,0.2000007750144751
2021-01-29,Equity,0.13548527877650976
2021-01-29,Oil,0.20000222705783408
2021-01-29,Gold,0.2000014079211263
2021-01-30,Equity,0.06455900226632143
2021-01-30,Oil,0.16610612428454122
2021-01-30,Gold,0.20006009536974614
2021-01-30,Bond,0.20006003801740904
2021-01-31,Equity,0.12209103283262977
2021-01-31,Oil,0.20004208052147007
2021-01-31,Gold,0.2000312609758242
2021-01-31,Bond,0.10001529661072608
2021-02-01,Equity,0.12593383761537455
2021-02-01,Oil,0.20003059500655176
2021-02-01,Gold,0.1999959594578743
2021-02-02,Equity,0.06382356024911334
2021-02-02,Gold,0.20000014692023904
2021-02-03,Equity,0.06411468102960187
2021-02-03,Gold,0.2000004536124801
2021-02-04,Equity,0.200075607960855
2021-02-04,Oil,0.10703035442559766
2021-02-04,Gold,0.18961655123869525
2021-02-05,Equity,0.1213919958693989
2021-02-05,Oil,0.20003016866737372
2021-02-05,Gold,0.20000208065816671
2021-02-06,Equity,0.06126175853578099
2021-02-06,Oil,0.16219825825954676
2021-02-06,Gold,0.20000039458047117
2021-02-07,Equity,0.20006457557703425
2021-02-07,Oil,0.11831210435377842
2021-02-07,Gold,0.16748737245879536
2021-02-08,Oil,0.20003390919135022
2021-02-08,Gold,0.20000896816754377
2021-02-09,Oil,0.17944600017904402
2021-02-09,Gold,0.19833110001593418
2021-02-09,Bond,0.20006003801740904
2021-02-10,Equity,0.05127633642334538
2021-02-10,Oil,0.1742825454726046
2021-02-10,Gold,0.1976957943756589
2021-02-10,Bond,0.20000028584726234
2021-02-11,Gold,0.15812636637941105
2021-02-12,Oil,0.1894722523565366
2021-02-13,Oil,0.12851876806496315
2021-02-14,Equity,0.10522602362714599
2021-02-14,Oil,0.20002120782059543
2021-02-15,Equity,0.20003137200486715
2021-02-15,Oil,0.189187374816806
2021-02-16,Equity,0.09936754548188452
2021-02-16,Oil,0.2000037206561063
2021-02-17,Equity,0.05263663446341351
2021-02-17,Oil,0.200000630628085
2021-02-18,Equity,0.10681676366871697
2021-02-18,Oil,0.06528059657088436
2021-02-19,Equity,0.053926543179195215
2021-02-19,Oil,0.2000405796518355
2021-02-20,Equity,0.11044460775932245
2021-02-20,Oil,0.2000349098972989
2021-02-20,Gold,0.1136716434060527
2021-02-21,Equity,0.11558711580040958
2021-02-21,Oil,0.19992479680877753
2021-02-22,Equity,0.057943285659864494
2021-02-22,Oil,0.20001623644416147
2021-02-22,Gold,0.052181987701618894
2021-02-23,Equity,0.11494185470585647
2021-02-23,Oil,0.20009187851217974
2021-02-24,Equity,0.11006327692263425
2021-02-24,Oil,0.20000094362754153
2021-02-25,Equity,0.10964689137732932
2021-02-25,Oil,0.20000079025272918
2021-02-26,Equity,0.2000871821558772
2021-02-27,Equity,0.055612567164092096
2021-02-28,Equity,0.05470883980677576
2021-03-01,Equity,0.06261238848135946
2021-03-02,Oil,0.20006003801740904
2021-03-04,Oil,0.20006003801740901
2021-03-06,Bond,0.10001500725183815
2021-03-07,Oil,0.2000935940477154
2021-03-07,Gold,0.11143283605518794
2021-03-07,Bond,0.10000005248302078
2021-03-08,Oil,0.10385170300017936
2021-03-08,Gold,0.2000272772951787
2021-03-08,Bond,0.10000004446615354
2021-03-09,Oil,0.10956760995001388
2021-03-09,Gold,0.20000047321580516
2021-03-09,Bond,0.10000016100013963
2021-03-10,Oil,0.10858320379299848
2021-03-10,Gold,0.20000069386234146
2021-03-10,Bond,0.09999451570986893
2021-03-11,Oil,0.10846384759486989
2021-03-11,Gold,0.20000065796252292
2021-03-11,Bond,0.10000010689775134
2021-03-12,Oil,0.10778329014567063
2021-03-12,Gold,0.20000164564307335
2021-03-12,Bond,0.10000019347131077
2021-03-13,Equity,0.20006189450684297
2021-03-13,Oil,0.10479778044288797
2021-03-13,Gold,0.20000140860317528
2021-03-13,Bond,0.10000021005590537
2021-03-14,Equity,0.19907697955676265
2021-03-14,Oil,0.1035501266829236
2021-03-14,Gold,0.19809610735645067
2021-03-14,Bond,0.10213478549919212
2021-03-15,Equity,0.1987706586856779
2021-03-15,Oil,0.1035939825813215
2021-03-15,Gold,0.19756965426170892
2021-03-15,Bond,0.10253474666807216
2021-03-16,Equity,0.2007965261585573
2021-03-16,Oil,0.10428399097554572
2021-03-16,Gold,0.19460498316973884
2021-03-16,Bond,0.10166970842230853
2021-03-17,Equity,0.1677672962026066
2021-03-17,Oil,0.200053566939918
2021-03-17,Gold,0.11227774069293266
2021-03-17,Bond,0.10000025133904583
2021-03-18,Equity,0.08785779037666909
2021-03-18,Oil,0.2000200824019575
2021-03-18,Gold,0.05247711601980146
2021-03-18,Bond,0.10000021812919611
2021-03-19,Equity,0.20009110418792872
2021-03-19,Oil,0.157392393525512
2021-03-19,Gold,0.2000446267752224
2021-03-19,Bond,0.10000021073530735
2021-03-20,Equity,0.20193586218410187
2021-03-20,Oil,0.1553333362392755
2021-03-20,Gold,0.19857765162246618
2021-03-20,Bond,0.10172393187127332
2021-03-21,Equity,0.20190352400244552
2021-03-21,Oil,0.15633108794919237
2021-03-21,Gold,0.19845145442191145
2021-03-21,Bond,0.10098536561679648
2021-03-22,Equity,0.19951496052201945
2021-03-22,Oil,0.15737316580431526
2021-03-22,Gold,0.19793063787665224
2021-03-22,Bond,0.10183178378613196
2021-03-23,Equity,0.2032881733587407
2021-03-23,Oil,0.15550961912551445
2021-03-23,Gold,0.1972513885619364
2021-03-23,Bond,0.10146327514628639
2021-03-24,Equity,0.204724731224053
2021-03-24,Oil,0.15429923003338786
2021-03-24,Gold,0.1981932442765737
2021-03-24,Bond,0.10121023200317053
2021-03-25,Equity,0.2059049636302937
2021-03-25,Oil,0.15281348772864453
2021-03-25,Gold,0.19771924408393446
2021-03-25,Bond,0.10167654418332822
2021-03-26,Oil,0.20007368741267204
2021-03-26,Bond,0.09994059686300912
2021-03-27,Oil,0.20003578181275047
2021-03-27,Gold,0.11693681732670518
2021-03-27,Bond,0.10000014354479982
2021-03-28,Oil,0.20001798353189956
2021-03-28,Gold,0.058484351892526466
2021-03-28,Bond,0.10000002323842672
2021-03-29,Oil,0.2000209568138526
2021-03-29,Gold,0.1263770298069548
2021-03-29,Bond,0.10000007509814869
2021-03-30,Oil,0.20003817697020831
2021-03-30,Bond,0.10000009208453485
2021-03-31,Oil,0.2000004723579632
2021-03-31,Bond,0.10000007345956478
2021-04-01,Oil,0.20003001548014696
2021-04-01,Bond,0.20002995173774799
2021-04-02,Oil,0.20007193282659747
2021-04-02,Gold,0.13797184494708478
2021-04-02,Bond,0.1000150302242971
2021-04-03,Oil,0.2000713475532845
2021-04-03,Bond,0.2000297667570333
2021-04-04,Oil,0.20012064832459403
2021-04-04,Gold,0.20012012165220636
2021-04-05,Oil,0.20009109225108188
2021-04-05,Bond,0.10001500725183814
2021-04-06,Oil,0.2001048316638462
2021-04-06,Bond,0.20002991407416013
2021-04-07,Equity,0.0632824430146559
2021-04-07,Oil,0.20003022912371002
2021-04-07,Bond,0.10001498157641195
2021-04-08,Oil,0.20000072485731002
2021-04-08,Bond,0.10000024440258733
2021-04-09,Oil,0.20003012031102493
2021-04-10,Oil,0.2000301115215895
2021-04-10,Bond,0.10001500725183815
2021-04-11,Oil,0.20000034444818876
2021-04-11,Bond,0.10000003049457815
2021-04-12,Bond,0.10000013320998774
2021-04-13,Oil,0.2000603534250516
2021-04-13,Bond,0.10000015765649438
2021-04-14,Oil,0.07981159208785073
2021-04-14,Bond,0.1000001801591892
2021-04-15,Equity,0.06498994573893296
2021-04-15,Oil,0.2000363969881439
2021-04-15,Bond,0.10000012171452576
2021-04-16,Equity,0.12936048879738782
2021-04-16,Oil,0.20000122772036405
2021-04-16,Bond,0.10000006482448552
2021-04-17,Oil,0.20000102015759097
2021-04-17,Bond,0.10000007301603847
2021-04-19,Equity,0.20006003801740901
2021-04-20,Equity,0.20003048157548667
2021-04-20,Bond,0.10001500725183815
2021-04-21,Oil,0.061111200214233476
2021-04-21,Bond,0.1000000552125406
2021-04-22,Oil,0.2000714023192851
2021-04-22,Bond,0.2000297420846316
2021-04-25,Equity,0.20006003801740904
2021-04-26,Oil,0.11071458362485877
2021-04-26,Gold,0.20006003801740904
2021-04-27,Oil,0.052622616112898465
2021-04-27,Bond,0.20006003801740904
2021-04-28,Oil,0.20012477061335912
2021-04-28,Gold,0.0660585544441711
2021-04-29,Oil,0.2000012985775606
2021-04-29,Gold,0.06151586651161364
2021-04-30,Equity,0.20016052094804576
2021-04-30,Gold,0.20004117391477955
2021-05-01,Equity,0.061420888351798285
2021-05-01,Oil,0.20012045140240114
2021-05-02,Equity,0.06410699627507878
2021-05-02,Oil,0.20001800051252333
2021-05-02,Gold,0.05834452576045355
2021-05-03,Equity,0.06391766183508496
2021-05-03,Oil,0.20004317888192907
2021-05-03,Gold,0.20004235974563606
2021-05-04,Equity,0.20016135220452258
2021-05-05,Equity,0.12891721742891657
2021-05-05,Oil,0.04805373226446058
2021-05-05,Bond,0.20006003801740904
2021-05-06,Equity,0.06237556669767987
2021-05-06,Oil,0.20010537971705408
2021-05-07,Equity,0.0627359962363272
2021-05-07,Oil,0.2000000610754367
2021-05-08,Equity,0.06880361092318547
2021-05-08,Oil,0.0526549510042743
2021-05-09,Equity,0.07038213970320793
2021-05-09,Oil,0.20006283741060057
2021-05-09,Gold,0.062769324054354
2021-05-10,Equity,0.20011792696198435
2021-05-11,Equity,0.07489507577855993
2021-05-11,Oil,0.20009006153114178
2021-05-11,Bond,0.10001500725183816
2021-05-12,Equity,0.20009745011765842
2021-05-12,Bond,0.10000003454310301
2021-05-13,Equity,0.2000000861284977
2021-05-13,Bond,0.10000001821577628
2021-05-14,Equity,0.15644902877256742
2021-05-14,Gold,0.1251207702189711
2021-05-14,Bond,0.10000004135864662
2021-05-15,Gold,0.1249983812241861
2021-05-15,Bond,0.10000002935205021
2021-05-16,Gold,0.06031498834012201
2021-05-16,Bond,0.10000008731705155
2021-05-17,Oil,0.2000618977569806
2021-05-17,Gold,0.06631172964266166
2021-05-17,Bond,0.10000004672954982
2021-05-18,Oil,0.20000099255552942
2021-05-18,Gold,0.06485030975305812
2021-05-18,Bond,0.10000011728571769
2021-05-19,Gold,0.20004026970938543
2021-05-19,Bond,0.10000007949587662
2021-05-20,Gold,0.05948788981961597
2021-05-20,Bond,0.10000025026837678
2021-05-23,Oil,0.12179584863936196
2021-05-23,Bond,0.20006003801740901
2021-05-24,Oil,0.06419775581053459
2021-05-25,Oil,0.2001007639611164
2021-05-25,Gold,0.20006003801740904
2021-05-26,Oil,0.1311571928355165
2021-05-26,Gold,0.12945313091913052
2021-05-26,Bond,0.20006003801740907
2021-05-27,Oil,0.07070514708809504
2021-05-27,Gold,0.06462108234514462
2021-05-28,Oil,0.20007968830723236
2021-05-28,Gold,0.20004069911259326
2021-05-29,Oil,0.1407707011337129
2021-05-29,Gold,0.12914132851496887
2021-05-29,Bond,0.20006003801740907
2021-05-30,Oil,0.15089018959694553
2021-05-30,Gold,0.1313051216459433
2021-05-30,Bond,0.19996092122397482
2021-05-31,Oil,0.07564008923688949
2021-05-31,Gold,0.059585814862277646
2021-06-01,Oil,0.07585123423237056
2021-06-01,Gold,0.06156833105309961
2021-06-02,Equity,0.2000903088712071
2021-06-02,Oil,0.07556457280496419
2021-06-02,Gold,0.062067380625633654
2021-06-02,Bond,0.10001500725183815
2021-06-03,Oil,0.14895962989052178
2021-06-03,Gold,0.12374969357049784
2021-06-03,Bond,0.09988730945041714
2021-06-04,Oil,0.07251719689261564
2021-06-04,Gold,0.061561790074536146
2021-06-04,Bond,0.10000008359637269
2021-06-05,Oil,0.20007973534932905
2021-06-05,Gold,0.20004153487849033
2021-06-05,Bond,0.1000001024324665
2021-06-06,Equity,0.15896292871115705
2021-06-06,Oil,0.17864166798418207
2021-06-06,Gold,0.12025754430230914
2021-06-06,Bond,0.10000021385519749
2021-06-07,Equity,0.1579285040353258
2021-06-07,Gold,0.11466286370316883
2021-06-07,Bond,0.10000020813298975
2021-06-08,Oil,0.0941628048637814
2021-06-08,Bond,0.10000002435523127
2021-06-09,Oil,0.16915467708563034
2021-06-09,Bond,0.1000001127085193
2021-06-10,Oil,0.15811118929098805
2021-06-10,Bond,0.10000015568006171
2021-06-11,Oil,0.20001283053172678
2021-06-11,Bond,0.1000001182300044
2021-06-12,Oil,0.07853666924795616
2021-06-12,Bond,0.09995383395302655
2021-06-13,Oil,0.15583347143234014
2021-06-13,Bond,0.10000010659393346
2021-06-14,Equity,0.08199807997355016
2021-06-14,Oil,0.07612122532354577
2021-06-14,Bond,0.10000012584818209
2021-06-15,Equity,0.08292903020995492
2021-06-15,Oil,0.07237212743945814
2021-06-15,Bond,0.10000016073200933
2021-06-16,Equity,0.08086533615026488
2021-06-16,Oil,0.07244004300146888
2021-06-16,Bond,0.10000002228645946
2021-06-17,Equity,0.14944871341208324
2021-06-17,Oil,0.14178397442953108
2021-06-17,Bond,0.10000003512351638
2021-06-18,Equity,0.14347416658512527
2021-06-18,Oil,0.14263379943039153
2021-06-18,Bond,0.10000005193532154
2021-06-19,Equity,0.14725608744376198
2021-06-19,Oil,0.14194878454438328
2021-06-19,Bond,0.10000003622010195
2021-06-20,Oil,0.20004831098840517
2021-06-21,Equity,0.07281896464661429
2021-06-21,Oil,0.07623407439629426
2021-06-21,Bond,0.20006003801740904
2021-06-22,Equity,0.07184213039079669
2021-06-22,Oil,0.07161332907215222
2021-06-22,Gold,0.051439423448528844
2021-06-22,Bond,0.10001477003246155
2021-06-23,Equity,0.14686305723934462
2021-06-23,Oil,0.14431239344089794
2021-06-23,Gold,0.10136789770015217
2021-06-23,Bond,0.10000002685351651
2021-06-24,Oil,0.07167479932777562
2021-06-24,Gold,0.051080380086031586
2021-06-24,Bond,0.10000004192209755
2021-06-25,Oil,0.20008363130293572
2021-06-25,Gold,0.20004486062624174
2021-06-25,Bond,0.10000011156032362
2021-06-26,Oil,0.07436820737633644
2021-06-26,Gold,0.052762095561817525
2021-06-26,Bond,0.10000010445292218
2021-06-27,Gold,0.10372501702463469
2021-06-27,Bond,0.1000001245325094
2021-06-28,Oil,0.061503076331510725
2021-06-28,Gold,0.05275114801988535
2021-06-28,Bond,0.20002990680083974
2021-06-29,Oil,0.06145109750112861
2021-06-29,Gold,0.058284832386512865
2021-06-29,Bond,0.2000007944188706
2021-06-30,Oil,0.0630967197267982
2021-06-30,Gold,0.07002768010053931
2021-06-30,Bond,0.1000145887802928
2021-07-01,Oil,0.20011050039222256
2021-07-01,Gold,0.2000693334956683
2021-07-02,Gold,0.07487988572488116
2021-07-02,Bond,0.20006003801740904
2021-07-03,Gold,0.06604159843611292
2021-07-03,Bond,0.2000004216588418
2021-07-04,Bond,0.20000043180155272
2021-07-05,Bond,0.10001491998586802
2021-07-06,Bond,0.10000005154719478
2021-07-08,Bond,0.10001500725183815
2021-07-10,Bond,0.10001500725183815
2021-07-11,Equity,0.2001111340493737
2021-07-11,Oil,0.0714271672765566
2021-07-11,Bond,0.20002964540514578
2021-07-12,Gold,0.20006054003424498
2021-07-12,Bond,0.2000005018661807
2021-07-13,Gold,0.20010906580269708
2021-07-13,Bond,0.20000069245168134
2021-07-14,Bond,0.20000028852254637
2021-07-15,Equity,0.06529750693371181
2021-07-15,Gold,0.06732271771704261
2021-07-15,Bond,0.10001495077129506
2021-07-17,Bond,0.10001500725183815
2021-07-18,Bond,0.10000003530894166
2021-07-19,Equity,0.05416441808370688
2021-07-19,Gold,0.05662981991706357
2021-07-19,Bond,0.20002964464480993
2021-07-20,Equity,0.05523196406361034
2021-07-20,Bond,0.20000039438150938
2021-07-22,Oil,0.06553857378491772
2021-07-23,Oil,0.20007044511981967
2021-07-23,Bond,0.10001500725183812
2021-07-24,Equity,0.05950509637248434
2021-07-24,Bond,0.10004886772470883
2021-07-25,Equity,0.2000425643014871
2021-07-25,Bond,0.10000018058885753
2021-07-26,Equity,0.20004864413575454
2021-07-26,Gold,0.060636464451458476
2021-07-27,Equity,0.058101022418023826
2021-07-27,Gold,0.11974677031750046
2021-07-27,Bond,0.20006003801740901
2021-07-28,Equity,0.20012043745783942
2021-07-28,Gold,0.06290236785323726
2021-07-29,Equity,0.2000175988347537
2021-07-29,Oil,0.05653963296356067
2021-07-29,Gold,0.06248542621856914
2021-07-30,Equity,0.20003035249247592
2021-07-30,Oil,0.056606238092082525
2021-07-30,Gold,0.06223307360660409
2021-07-30,Bond,0.10001500725183815
2021-07-31,Equity,0.05819188827476849
2021-07-31,Oil,0.11191599955284452
2021-07-31,Gold,0.12673833495917017
2021-07-31,Bond,0.0999937704209803
2021-08-01,Equity,0.05684277140583618
2021-08-01,Oil,0.10795161908579465
2021-08-01,Gold,0.11702812377834436
2021-08-01,Bond,0.10000012105093169
2021-08-02,Oil,0.20005227283270247
2021-08-02,Gold,0.20002493768728
2021-08-02,Bond,0.10000018739507739
2021-08-03,Gold,0.2000011500573688
2021-08-03,Bond,0.10000027722757755
2021-08-04,Gold,0.2000005610710469
2021-08-04,Bond,0.10000023967689171
2021-08-05,Gold,0.20000007547862975
2021-08-05,Bond,0.10007923969140185
2021-08-06,Equity,0.2000995414878215
2021-08-06,Gold,0.06861200679783769
2021-08-06,Bond,0.10000004736913515
2021-08-07,Equity,0.055581173206664364
2021-08-07,Bond,0.10000021687461559
2021-08-08,Equity,0.2000435389620346
2021-08-08,Bond,0.10000017334883271
2021-08-09,Oil,0.053687663364352906
2021-08-09,Bond,0.10000004392349453
2021-08-10,Oil,0.20004409555324038
2021-08-10,Bond,0.1000000234269546
2021-08-11,Equity,0.05633981453422689
2021-08-11,Oil,0.05782977092741392
2021-08-11,Bond,0.10000002379808992
2021-08-12,Equity,0.059420174924493384
2021-08-12,Bond,0.10000018023928546
2021-08-13,Equity,0.2000639937362336
2021-08-13,Gold,0.07228384099924383
2021-08-13,Bond,0.10000014881892846
2021-08-14,Gold,0.20006897326664885
2021-08-16,Gold,0.20009006153114176
2021-08-16,Bond,0.10001500725183815
2021-08-17,Equity,0.05508173960790839
2021-08-17,Gold,0.15363861780166113
2021-08-17,Bond,0.1000000389123554
2021-08-18,Equity,0.057565871630757506
2021-08-18,Gold,0.15351096416364204
2021-08-18,Bond,0.1000132147201298
2021-08-19,Gold,0.20001511973192054
2021-08-19,Bond,0.10000009815760844
2021-08-20,Equity,0.20016026184040703
2021-08-20,Oil,0.2001001937458287
2021-08-20,Gold,0.06590098738511246
2021-08-20,Bond,0.10000021460725274
